<?xml version="1.0" encoding="UTF-8"?>
<metadata xml:lang="en"><Esri><CreaDate>20240124</CreaDate><CreaTime>10573700</CreaTime><ArcGISFormat>1.0</ArcGISFormat><SyncOnce>FALSE</SyncOnce><DataProperties><lineage><Process ToolSource="c:\program files\arcgis\pro\Resources\ArcToolbox\toolboxes\Data Management Tools.tbx\CopyFeatures" Date="20231206" Time="105324">CopyFeatures BKNSN_2023_Final F:\BKNSN\BKNSN_2023\BKNSN_Combine\BKNSN_Combine\BKNSN_Combine2.gdb\BKNSN_2023_Final_Levering # # # #</Process><Process ToolSource="c:\program files\arcgis\pro\Resources\ArcToolbox\toolboxes\Data Management Tools.tbx\DeleteField" Date="20231206" Time="105419">DeleteField BKNSN_2023_Final_Levering BKNSN_New__Field1</Process><Process ToolSource="c:\program files\arcgis\pro\Resources\ArcToolbox\toolboxes\Data Management Tools.tbx\DeleteField" Date="20231206" Time="105513">DeleteField BKNSN_2023_Final_Levering BKNSN_New__Field3;BKNSN_New__Field4;BKNSN_New__Field5;BKNSN_New__Field6;BKNSN_New__Field7;BKNSN_New__Field8;BKNSN_New__Field9;BKNSN_New__Field10;BKNSN_New__Field11;BKNSN_New__Field12;BKNSN_New__Field13;BKNSN_New__Field14;BKNSN_New__Field15;BKNSN_New__Field16;BKNSN_New__Field17;BKNSN_New__Field18;BKNSN_New__Field19;BKNSN_New__Field20;BKNSN_New__Field21</Process><Process ToolSource="c:\program files\arcgis\pro\Resources\ArcToolbox\toolboxes\Data Management Tools.tbx\DeleteField" Date="20231206" Time="105629">DeleteField BKNSN_2023_Final_Levering BKNSN_New__Field22;BKNSN_New__Field23;BKNSN_New__Field24;BKNSN_New__Field25;BKNSN_New__Field26;BKNSN_New__Field27;BKNSN_New__Field28;BKNSN_New__Field29;BKNSN_New__Field30;BKNSN_New__Field31;BKNSN_New__Field32;BKNSN_New__Field33;BKNSN_New__Field34;BKNSN_New__Field35;BKNSN_New__Field36;BKNSN_New__Field37;BKNSN_New__Field38;BKNSN_New__Field39;BKNSN_New__Field40;BKNSN_New__Field41;BKNSN_New__Field42;BKNSN_New__Field43</Process><Process ToolSource="c:\program files\arcgis\pro\Resources\ArcToolbox\toolboxes\Data Management Tools.tbx\DeleteField" Date="20231206" Time="105833">DeleteField BKNSN_2023_Final_Levering BKNSN_New__Field44;BKNSN_New__Field45;BKNSN_New__Field46;BKNSN_New__Field47;BKNSN_New__Field48;BKNSN_New__Field49;BKNSN_New__Field50;BKNSN_New__Field51;BKNSN_New__Field52;BKNSN_New__Field53;BKNSN_New__Field54;BKNSN_New__Field55;BKNSN_New__Field56;BKNSN_New__Field57;BKNSN_New__Field58;BKNSN_New__Field59;BKNSN_New__Field60;BKNSN_New__Field61;BKNSN_New__Field62;BKNSN_New__Field63;BKNSN_New__Field64;BKNSN_New__Field65;BKNSN_New__Field66;BKNSN_New__Field67;BKNSN_New__Field68;BKNSN_New__Field69;BKNSN_New__Field70;BKNSN_New__Field71;BKNSN_New__Field72;BKNSN_New__Field73;BKNSN_New__Field74;BKNSN_New__Field75;BKNSN_New__Field76;BKNSN_New__Field77;BKNSN_New__Field78;BKNSN_New__Field79;BKNSN_New__Field80;BKNSN_New__Field81;BKNSN_New__Field82;BKNSN_New__Field83;BKNSN_New__Field84;BKNSN_New__Field85;BKNSN_New__Field86;BKNSN_New__Field87</Process><Process ToolSource="c:\program files\arcgis\pro\Resources\ArcToolbox\toolboxes\Data Management Tools.tbx\UpdateSchema" Date="20231206" Time="105946">UpdateSchema "CIMDATA=&lt;CIMStandardDataConnection xsi:type='typens:CIMStandardDataConnection' xmlns:xsi='http://www.w3.org/2001/XMLSchema-instance' xmlns:xs='http://www.w3.org/2001/XMLSchema' xmlns:typens='http://www.esri.com/schemas/ArcGIS/2.3.0'&gt;&lt;WorkspaceConnectionString&gt;DATABASE=F:\BKNSN\BKNSN_2023\BKNSN_Combine\BKNSN_Combine\BKNSN_Combine2.gdb&lt;/WorkspaceConnectionString&gt;&lt;WorkspaceFactory&gt;FileGDB&lt;/WorkspaceFactory&gt;&lt;Dataset&gt;BKNSN_2023_Final_Levering&lt;/Dataset&gt;&lt;DatasetType&gt;esriDTFeatureClass&lt;/DatasetType&gt;&lt;/CIMStandardDataConnection&gt;" &lt;operationSequence&gt;&lt;workflow&gt;&lt;AlterField&gt;&lt;field_name&gt;BKNSN_2023_Final_BKNSN_code&lt;/field_name&gt;&lt;new_field_name&gt;BKNSN_code&lt;/new_field_name&gt;&lt;field_type&gt;TEXT&lt;/field_type&gt;&lt;field_is_nullable&gt;True&lt;/field_is_nullable&gt;&lt;clear_field_alias&gt;False&lt;/clear_field_alias&gt;&lt;/AlterField&gt;&lt;/workflow&gt;&lt;workflow&gt;&lt;AlterField&gt;&lt;field_name&gt;BKNSN_New__Field2&lt;/field_name&gt;&lt;new_field_name&gt;Subtype_naam&lt;/new_field_name&gt;&lt;field_type&gt;TEXT&lt;/field_type&gt;&lt;field_is_nullable&gt;True&lt;/field_is_nullable&gt;&lt;clear_field_alias&gt;False&lt;/clear_field_alias&gt;&lt;/AlterField&gt;&lt;/workflow&gt;&lt;/operationSequence&gt;</Process><Process ToolSource="c:\program files\arcgis\pro\Resources\ArcToolbox\toolboxes\Data Management Tools.tbx\CopyFeatures" Date="20231206" Time="110455">CopyFeatures BKNSN_2023_Final_Levering "C:\Users\Woold004\OneDrive - Wageningen University &amp; Research\Hessel_WUR\Projecten\2023\LBK_klimaatadaptatie\LBK_BKNSN_Levering\BKNSN_2023_Final_Levering.shp" # # # #</Process><Process ToolSource="c:\program files\arcgis\pro\Resources\ArcToolbox\toolboxes\Data Management Tools.tbx\CopyFeatures" Date="20231206" Time="213244">CopyFeatures BKNSN_2023_Final_Levering "C:\Users\Woold004\OneDrive - Wageningen University &amp; Research\Hessel_WUR\Projecten\2023\LBK_klimaatadaptatie\LBK_BKNSN_Levering_Hugo\BKNSN_2023_Final_Levering_Copy.shp" # # # #</Process><Process ToolSource="c:\program files\arcgis\pro\Resources\ArcToolbox\toolboxes\Data Management Tools.tbx\MultipartToSinglepart" Date="20231206" Time="213416">MultipartToSinglepart BKNSN_2023_Final_Levering_Copy "C:\Users\Woold004\OneDrive - Wageningen University &amp; Research\Hessel_WUR\Projecten\2023\LBK_klimaatadaptatie\LBK_BKNSN_Levering_Hugo\BKNSN_2023_Final_Levering_Single.shp"</Process><Process ToolSource="c:\program files\arcgis\pro\Resources\ArcToolbox\toolboxes\Data Management Tools.tbx\DeleteField" Date="20231206" Time="214847">DeleteField BKNSN_2023_Final_Levering_Single Shape_Leng</Process><Process ToolSource="c:\program files\arcgis\pro\Resources\ArcToolbox\toolboxes\Data Management Tools.tbx\DeleteField" Date="20231206" Time="214857">DeleteField BKNSN_2023_Final_Levering_Single Shape_Area</Process><Process ToolSource="c:\program files\arcgis\pro\Resources\ArcToolbox\toolboxes\Data Management Tools.tbx\DeleteField" Date="20231206" Time="214909">DeleteField BKNSN_2023_Final_Levering_Single ORIG_FID</Process><Process ToolSource="c:\program files\arcgis\pro\Resources\ArcToolbox\toolboxes\Conversion Tools.tbx\ExportFeatures" Date="20240124" Time="105120">ExportFeatures BKNSN_2023_Final_Levering_Single "C:\Users\Woold004\OneDrive - Wageningen University &amp; Research\Hessel_WUR\Projecten\2023\LBK_klimaatadaptatie\LBK_BKNSN_Levering_Hugo\BKNSN_2023.shp" # NOT_USE_ALIAS "BKNSN_code "BKNSN_code" true true false 80 Text 0 0,First,#,BKNSN_2023_Final_Levering_Single,BKNSN_code,0,79;Subtype_na "Subtype_na" true true false 254 Text 0 0,First,#,BKNSN_2023_Final_Levering_Single,Subtype_na,0,253" #</Process><Process ToolSource="c:\program files\arcgis\pro\Resources\ArcToolbox\toolboxes\Data Management Tools.tbx\Copy" Date="20240124" Time="105737">Copy "C:\Users\Woold004\OneDrive - Wageningen University &amp; Research\Hessel_WUR\Projecten\2023\LBK_klimaatadaptatie\LBK_BKNSN_Levering_Hugo\BKNSN_2023.shp" "C:\Users\Woold004\OneDrive - Wageningen University &amp; Research\Hessel_WUR\Projecten\2023\LBK_klimaatadaptatie\LBK_BKNSN_2023\BKNSN_2023.shp" Shapefile #</Process></lineage><itemProps><itemName Sync="TRUE">BKNSN_2023</itemName><imsContentType Sync="TRUE">002</imsContentType><itemSize Sync="TRUE">0.000</itemSize><itemLocation><linkage Sync="TRUE">file://\\L0163539\C$\Users\Woold004\OneDrive - Wageningen University &amp; Research\Hessel_WUR\Projecten\2023\LBK_klimaatadaptatie\LBK_BKNSN_2023\BKNSN_2023</linkage><protocol Sync="TRUE">Local Area Network</protocol></itemLocation></itemProps><coordRef><type Sync="TRUE">Projected</type><geogcsn Sync="TRUE">GCS_Amersfoort</geogcsn><csUnits Sync="TRUE">Linear Unit: Meter (1.000000)</csUnits><projcsn Sync="TRUE">RD_New</projcsn><peXml Sync="TRUE">&lt;ProjectedCoordinateSystem xsi:type='typens:ProjectedCoordinateSystem' xmlns:xsi='http://www.w3.org/2001/XMLSchema-instance' xmlns:xs='http://www.w3.org/2001/XMLSchema' xmlns:typens='http://www.esri.com/schemas/ArcGIS/3.2.0'&gt;&lt;WKT&gt;PROJCS[&amp;quot;RD_New&amp;quot;,GEOGCS[&amp;quot;GCS_Amersfoort&amp;quot;,DATUM[&amp;quot;D_Amersfoort&amp;quot;,SPHEROID[&amp;quot;Bessel_1841&amp;quot;,6377397.155,299.1528128]],PRIMEM[&amp;quot;Greenwich&amp;quot;,0.0],UNIT[&amp;quot;Degree&amp;quot;,0.0174532925199433]],PROJECTION[&amp;quot;Double_Stereographic&amp;quot;],PARAMETER[&amp;quot;False_Easting&amp;quot;,155000.0],PARAMETER[&amp;quot;False_Northing&amp;quot;,463000.0],PARAMETER[&amp;quot;Central_Meridian&amp;quot;,5.38763888888889],PARAMETER[&amp;quot;Scale_Factor&amp;quot;,0.9999079],PARAMETER[&amp;quot;Latitude_Of_Origin&amp;quot;,52.15616055555555],UNIT[&amp;quot;Meter&amp;quot;,1.0],AUTHORITY[&amp;quot;EPSG&amp;quot;,28992]]&lt;/WKT&gt;&lt;XOrigin&gt;-30515500&lt;/XOrigin&gt;&lt;YOrigin&gt;-30279500&lt;/YOrigin&gt;&lt;XYScale&gt;146716411.36275291&lt;/XYScale&gt;&lt;ZOrigin&gt;-100000&lt;/ZOrigin&gt;&lt;ZScale&gt;10000&lt;/ZScale&gt;&lt;MOrigin&gt;-100000&lt;/MOrigin&gt;&lt;MScale&gt;10000&lt;/MScale&gt;&lt;XYTolerance&gt;0.001&lt;/XYTolerance&gt;&lt;ZTolerance&gt;0.001&lt;/ZTolerance&gt;&lt;MTolerance&gt;0.001&lt;/MTolerance&gt;&lt;HighPrecision&gt;true&lt;/HighPrecision&gt;&lt;WKID&gt;28992&lt;/WKID&gt;&lt;LatestWKID&gt;28992&lt;/LatestWKID&gt;&lt;/ProjectedCoordinateSystem&gt;</peXml></coordRef><copyHistory><copy source="C:\Users\Woold004\OneDrive - Wageningen University &amp; Research\Hessel_WUR\Projecten\2023\LBK_klimaatadaptatie\LBK_BKNSN_Levering_Hugo\BKNSN_2023" dest="\\L0163539\C$\Users\Woold004\OneDrive - Wageningen University &amp; Research\Hessel_WUR\Projecten\2023\LBK_klimaatadaptatie\LBK_BKNSN_2023\BKNSN_2023" date="20240124" time="10573700"></copy></copyHistory></DataProperties><SyncDate>20240124</SyncDate><SyncTime>10502600</SyncTime><ModDate>20240124</ModDate><ModTime>10502600</ModTime></Esri><dataIdInfo><envirDesc Sync="TRUE">Microsoft Windows 10 Version 10.0 (Build 19045) ; Esri ArcGIS 13.2.0.49743</envirDesc><dataLang><languageCode value="eng" Sync="TRUE"></languageCode><countryCode value="USA" Sync="TRUE"></countryCode></dataLang><idCitation><resTitle Sync="TRUE">BKNSN_2023</resTitle><presForm><PresFormCd value="005" Sync="TRUE"></PresFormCd></presForm></idCitation><spatRpType><SpatRepTypCd value="001" Sync="TRUE"></SpatRepTypCd></spatRpType></dataIdInfo><mdLang><languageCode value="eng" Sync="TRUE"></languageCode><countryCode value="USA" Sync="TRUE"></countryCode></mdLang><distInfo><distFormat><formatName Sync="TRUE">Shapefile</formatName></distFormat><distTranOps><transSize Sync="TRUE">0.000</transSize></distTranOps></distInfo><mdHrLv><ScopeCd value="005" Sync="TRUE"></ScopeCd></mdHrLv><mdHrLvName Sync="TRUE">dataset</mdHrLvName><refSysInfo><RefSystem><refSysID><identCode code="28992" Sync="TRUE"></identCode><idCodeSpace Sync="TRUE">EPSG</idCodeSpace><idVersion Sync="TRUE">4.5(8.0.1)</idVersion></refSysID></RefSystem></refSysInfo><spatRepInfo><VectSpatRep><geometObjs Name="BKNSN_2023"><geoObjTyp><GeoObjTypCd value="002" Sync="TRUE"></GeoObjTypCd></geoObjTyp><geoObjCnt Sync="TRUE">0</geoObjCnt></geometObjs><topLvl><TopoLevCd value="001" Sync="TRUE"></TopoLevCd></topLvl></VectSpatRep></spatRepInfo><spdoinfo><ptvctinf><esriterm Name="BKNSN_2023"><efeatyp Sync="TRUE">Simple</efeatyp><efeageom code="4" Sync="TRUE"></efeageom><esritopo Sync="TRUE">FALSE</esritopo><efeacnt Sync="TRUE">0</efeacnt><spindex Sync="TRUE">FALSE</spindex><linrefer Sync="TRUE">FALSE</linrefer></esriterm></ptvctinf></spdoinfo><eainfo><detailed Name="BKNSN_2023"><enttyp><enttypl Sync="TRUE">BKNSN_2023</enttypl><enttypt Sync="TRUE">Feature Class</enttypt><enttypc Sync="TRUE">0</enttypc></enttyp><attr><attrlabl Sync="TRUE">FID</attrlabl><attalias Sync="TRUE">FID</attalias><attrtype Sync="TRUE">OID</attrtype><attwidth Sync="TRUE">4</attwidth><atprecis Sync="TRUE">0</atprecis><attscale Sync="TRUE">0</attscale><attrdef Sync="TRUE">Internal feature number.</attrdef><attrdefs Sync="TRUE">Esri</attrdefs><attrdomv><udom Sync="TRUE">Sequential unique whole numbers that are automatically generated.</udom></attrdomv></attr><attr><attrlabl Sync="TRUE">Shape</attrlabl><attalias Sync="TRUE">Shape</attalias><attrtype Sync="TRUE">Geometry</attrtype><attwidth Sync="TRUE">0</attwidth><atprecis Sync="TRUE">0</atprecis><attscale Sync="TRUE">0</attscale><attrdef Sync="TRUE">Feature geometry.</attrdef><attrdefs Sync="TRUE">Esri</attrdefs><attrdomv><udom Sync="TRUE">Coordinates defining the features.</udom></attrdomv></attr><attr><attrlabl Sync="TRUE">BKNSN_code</attrlabl><attalias Sync="TRUE">BKNSN_code</attalias><attrtype Sync="TRUE">String</attrtype><attwidth Sync="TRUE">80</attwidth><atprecis Sync="TRUE">0</atprecis><attscale Sync="TRUE">0</attscale></attr><attr><attrlabl Sync="TRUE">Subtype_na</attrlabl><attalias Sync="TRUE">Subtype_na</attalias><attrtype Sync="TRUE">String</attrtype><attwidth Sync="TRUE">254</attwidth><atprecis Sync="TRUE">0</atprecis><attscale Sync="TRUE">0</attscale></attr></detailed></eainfo><mdDateSt Sync="TRUE">20240124</mdDateSt></metadata>
